gen,min,max,avg,std
1,-190.34086730803267,-99.963937519290781,-118.84898840337642,18.533877177171686
2,-226.94243023606788,-96.907210283741492,-113.36794099416893,18.197206241059547
3,-182.99771036490708,-4.7397854918018103,-109.74920730588232,16.025472946530986
4,-189.28247982863928,-4.7397854918018103,-110.11227829490275,18.808064401169229
5,-197.73628302509297,-4.7397854918018103,-111.20178748702854,22.550203871634576
6,-238.90748802811083,-4.7397854918018103,-107.80633915613004,22.10734412690309
7,-186.97909701635734,35.073537558702149,-105.82435489065342,24.033106612951052
8,-293.64911310317598,10.916922370310157,-102.16585236127925,32.676795171628584
9,-178.49231419716813,19.262585002684617,-95.786717772181689,34.455858772869156
10,-190.10893697121469,19.262585002684617,-90.65152420166811,45.140544114290591
11,-180.82971362091155,21.011829827490949,-69.599640995601149,51.023957318146955
12,-232.1823001439441,21.011829827490949,-44.439793484766845,54.084610569053069
13,-180.82158376847761,23.866809072592005,-25.865307273303216,50.425699831784613
14,-180.45272668193181,28.711201809359057,-21.549217606685421,52.737995363313459
15,-268.30970443983881,39.840191004915809,-17.818857709434649,57.452003639779171
16,-156.34883141930334,37.286279769157922,-13.918299675024974,51.69507770367052
17,-185.99857351515749,57.354755037884495,-17.591641090023202,59.846524352045172
18,-172.96344818347148,57.354755037884495,-16.511474735978521,60.508777382410337
19,-180.4902213639806,57.354755037884495,-10.78274048727347,60.310286709354081
20,-188.42356930766954,57.354755037884495,-9.5982277678081065,62.738352177744332
21,-183.03815526577705,81.589222134433484,-6.6333399957762946,66.079642280636165
22,-187.63155995335677,81.589222134433484,-4.2700009332112323,66.763036236382192
23,-222.84848907606067,81.589222134433484,0.34026513868560115,63.572085416741189
24,-176.84817577310861,81.589222134433484,5.2431469646908182,64.543130753971354
25,-175.81931464893739,81.589222134433484,19.274351422138963,58.783444280740824
26,-176.94232564874727,81.589222134433484,16.097262180856266,61.480999372389192
27,-188.71106222597629,81.589222134433484,24.629365460930849,58.268687715770206
28,-160.22813972532262,81.589222134433484,33.760125450527354,48.138845628151948
29,-174.47591621886875,81.589222134433484,25.35693267213777,62.341904697035012
30,-174.51064303652902,81.589222134433484,36.843315802204579,46.927954341974186
31,-171.36952285684958,80.306861142344559,35.536243531400032,50.465110286704594
32,-160.38079863831308,80.306861142344559,39.3929464318242,47.578168786740513
33,-161.84385464686622,80.306861142344559,34.957013142345744,55.867921959580073
34,-165.93699953055267,80.306861142344559,34.331233328422925,57.725515537039044
35,-179.23213681593433,93.068350394423604,32.252985497706234,61.907501270665868
36,-155.93209479168718,95.687760415301057,34.83167670961118,57.437466515953631
37,-176.00246248169896,106.42027714009291,38.207762271141462,56.579035218091398
38,-134.29476420874286,106.42027714009291,30.815286866557393,65.137619580568852
39,-178.84603556417005,107.53859951451425,31.03409270542851,66.821276708044962
40,-178.1909335836979,107.53859951451425,32.818851119831805,66.781178710117032
41,-168.68595646660478,117.49441568371363,43.046746052558611,74.106207911796488
42,-172.54771344959681,114.26138402766131,37.421590914401961,80.372728183158358
43,-172.70422221415578,114.54858307401867,44.300971099568095,81.831888557620019
44,-170.48115907211741,114.54858307401867,37.687544916377263,87.049292263813413
45,-173.40823557529347,114.54858307401867,43.704846346830273,86.76230279227866
46,-167.86477244263523,117.43210912582614,40.598448512933444,86.037212700360541
47,-124.7640375907345,119.48534833702873,61.042725859173885,76.40555567224493
48,-172.23905136832397,131.11756918759934,62.194705450363251,78.814861360555199
49,-183.50401318521847,122.19902815257846,52.794935731831956,85.52643834408542
50,-183.27728512457543,128.23243461470594,40.333094021475716,91.718139214500766
51,-220.07576950950173,130.71863995132807,59.009383659187669,82.222072700327956
52,-172.89245607098394,128.23243461470594,55.278286889440913,85.380441947799028
53,-183.19998984963203,130.79150661969783,56.647807147323874,84.223908454723386
54,-183.19939949820377,130.79150661969783,50.324872681255776,87.102706994746654
55,-136.47167612132938,135.6702502414683,56.617958257857545,85.131547353881629
56,-179.39290497757696,135.6702502414683,54.523027374266157,84.859314704146954
57,-183.26472605233502,135.6702502414683,52.237869229287135,88.80350947261293
58,-182.9720773975493,137.84751890037631,58.597236093237342,88.924847150626405
59,-171.30348539353957,138.29631905356729,53.401693823207104,87.98724539930204
60,-183.22951577426514,139.00962015613632,63.309848644827014,87.669600873775792
61,-183.52540514832731,138.29631905356729,42.885450241689462,94.52908475392563
62,-183.14020598987486,138.29631905356729,45.311134567273221,97.319968348255713
63,-174.50424515818719,138.29631905356729,48.76840663347047,96.21640798851368
64,-183.31658900932447,137.84751890037631,52.63032327650707,98.947283079034491
65,-184.23956070682308,137.84751890037631,41.80773963965455,99.682102654218269
66,-171.81994106810953,137.84751890037631,37.78412158506157,101.49460190982809
67,-134.25241021734672,138.77389591510865,39.017156681728103,98.078247772957397
68,-171.02181040375643,138.77389591510865,45.01438544644644,97.215969078896308
69,-177.92794927834746,138.77389591510865,58.331409018469479,95.214817149829457
70,-172.32383732754948,138.77389591510865,33.931370558261122,102.23212715065328
71,-172.32383732754948,138.77389591510865,35.488900288934623,100.7054568540058
72,-129.85394997413943,138.77389591510865,37.284659489826787,100.92049558188543
73,-173.68683582983596,138.77389591510865,42.754970157408501,104.68928837156098
74,-183.52994782035157,138.77389591510865,29.636478844746875,105.08302390446748
75,-158.61810852787457,138.77389591510865,22.491501855673292,100.96965662483063
76,-172.60881438235774,139.1295140313976,30.674465162639326,101.97574311677344
77,-208.2577496054397,139.1295140313976,51.038529966818004,99.801149933451669
78,-165.66593374059315,143.60701293104532,26.149658219772359,103.11340813292406
79,-127.12313644540907,143.60701293104532,36.254429762738482,98.81652148396681
80,-135.46453406023582,139.1295140313976,36.519310299141395,99.710249348770773
81,-139.88670838609517,139.75781305514988,27.200223862486759,102.22345909607564
82,-243.11450663678275,139.75781305514988,24.882327051811671,101.92792105015734
83,-176.76906837518865,139.75781305514988,37.018159469389559,98.905131154037718
84,-171.14080252946187,139.75781305514988,50.576534633193539,93.962427143422701
85,-132.14519515897274,139.75781305514988,36.104767456092439,99.142275928921748
86,-175.7865618305687,139.75781305514988,32.931579175978072,104.86268826541958
87,-144.4856932449396,139.75781305514988,50.262668919839861,97.923477919328576
88,-208.08552994905722,140.67502050808744,44.439499470864988,99.172895256447745
89,-172.30495085961218,140.67502050808744,48.708791835483609,97.131529846684359
90,-182.71528824726377,140.67502050808744,45.540231310726455,100.04596770906585
91,-182.65196957982693,140.67502050808744,41.315287037051924,101.26183703217492
92,-148.5067908353125,144.49385750640673,52.616248337404414,94.233976574403783
93,-182.14847971852103,144.49385750640673,53.690592412710359,95.102098635120285
94,-169.88143671188175,140.67502050808744,53.449095141291792,94.621098965160471
95,-167.7541722393126,140.67502050808744,54.75947522714246,96.651236118827754
96,-144.89404465078184,142.54463787572797,50.620687083625164,96.73480928123594
97,-161.6519888792412,140.67502050808744,57.746317604805888,94.422902079993335
98,-172.96183079508262,140.67502050808744,68.453678499574252,93.249831359857822
99,-162.2425715289022,140.67502050808744,67.377651466125002,93.356506901645133
100,-183.16279164033477,142.54463787572797,50.019646139247598,98.717562626146687
101,-169.12749357666087,142.54463787572797,53.609698489925201,97.911043208591337
102,-124.08126065938946,140.67502050808744,56.381818806666431,91.852902165686928
103,-163.90429669787352,140.67502050808744,61.833753310877725,93.712735112048165
104,-182.1985065092482,140.67502050808744,56.986944232515619,95.935172596848943
105,-182.91748452534188,143.53112709725676,52.472511780039056,93.006432867527479
106,-180.6772067097655,143.53112709725676,54.629475879140145,94.731643987942675
107,-180.26359213275356,143.53112709725676,65.755096077478811,90.563986140696002
108,-172.00880592402081,146.58364864155979,49.19292567163572,99.884865106264513
109,-133.61985854004573,143.53112709725676,72.732805537404843,88.501967828579808
110,-178.22766908789382,143.53112709725676,52.518213294084269,93.426335864518364
111,-169.10982916528317,143.53112709725676,71.953423981607799,87.586423322980664
112,-203.82002189834211,143.53112709725676,61.367532308958026,95.5666458991046
113,-128.2602896935993,143.53112709725676,73.070582959560809,88.049024299488735
114,-126.44461587384941,143.53112709725676,54.107002922611485,95.135130827809462
115,-168.63360703860499,161.74975330663307,57.86482404741686,95.44427332762956
116,-184.77912802701863,161.74975330663307,62.245950042898592,94.773084068858594
117,-180.33232523856475,161.74975330663307,58.433217785804594,98.200117168614852
118,-137.51199511110636,161.74975330663307,46.521888999311841,95.528008168492363
119,-178.55524756768372,161.74975330663307,67.328123570808359,87.282427021237055
120,-162.45170876117749,161.74975330663307,66.883749462736716,90.856287360945302
121,-174.94492287892683,161.74975330663307,83.408368695256527,79.551034688942337
122,-170.53070908863069,161.74975330663307,62.24490660177517,94.527653084524758
123,-173.50264884527618,161.74975330663307,58.113562783271007,94.227061154025677
124,-169.51997114003382,161.74975330663307,49.393780967785844,100.36348017099037
125,-180.33081261237004,161.74975330663307,64.354924455544264,90.62830156087476
126,-161.85141978220915,161.74975330663307,55.69062346650098,93.591704386987701
127,-180.28934381239145,161.74975330663307,59.54310186970806,97.339304646560066
128,-183.18177520000916,161.74975330663307,51.551524567623893,100.1778377265404
129,-182.7050517006488,161.74975330663307,32.898244875102904,102.70188571777847
130,-176.96306960667715,161.74975330663307,36.295695205731192,102.40167322235406
131,-184.10329196194297,161.74975330663307,49.61740561955331,97.750956157936798
132,-140.01397607161908,161.74975330663307,31.924045549674851,99.077026918164492
133,-165.76802561714547,161.74975330663307,28.585225216672551,100.25863743659447
134,-158.70084188509387,161.74975330663307,32.479318377967623,97.457671505897693
135,-166.0676850683721,161.74975330663307,47.022964186513583,100.10710061935252
136,-129.05950760503183,161.74975330663307,34.273247928770608,100.20176112675119
137,-180.33103832506583,161.74975330663307,43.470505480146365,103.64897444612218
138,-176.24101804566374,161.74975330663307,52.789669028610753,100.82484260569946
139,-142.77619982851394,161.74975330663307,39.513310368950243,98.454509375023292
140,-139.913935285505,161.74975330663307,57.144562199780793,94.97783200909312
141,-175.08947029320035,161.74975330663307,36.136950810726859,104.2465289869705
142,-140.79870388231154,161.74975330663307,39.497605989931806,103.63880735677188
143,-171.74950289011292,161.74975330663307,28.448840716738946,104.53649032628233
144,-175.53123448128227,161.74975330663307,16.518299555873458,104.02527999494345
145,-175.22172731987706,161.74975330663307,10.627981761953063,100.52825724731009
146,-142.5599777557259,161.74975330663307,24.832064826553605,97.637958892552533
147,-119.88625194642572,161.74975330663307,41.559718063104867,98.407816943841667
148,-171.24299435684861,161.74975330663307,49.261533966032204,97.507971834611681
149,-174.51248620323818,161.74975330663307,26.319059745496379,101.49687623165156
150,-168.21710940628077,161.74975330663307,28.989499909244724,106.48683458520652
151,-174.75103907028031,161.74975330663307,34.069971709868817,103.22751919252867
152,-175.58734626487629,161.74975330663307,37.729998978335772,103.58187002586288
153,-172.70848734758533,161.74975330663307,40.602929058671904,99.91238227305476
154,-179.05781375135257,161.74975330663307,43.066710383795098,98.50666718506352
155,-171.82963052890602,161.74975330663307,66.227040856726532,90.735749376900799
156,-175.42533471820803,161.74975330663307,43.337980567489154,103.72526935905957
157,-171.53770563006856,161.74975330663307,43.662163651424642,103.94297906890596
158,-169.15043586867125,161.74975330663307,20.824746530916016,108.82093973098722
159,-172.58294946792083,161.74975330663307,42.812406074188601,103.34401847808223
160,-132.94967362655052,161.74975330663307,36.687927670409351,100.33743427502911
161,-173.1606097627056,161.74975330663307,31.203398729505754,101.52104260577937
162,-156.14561959985869,161.74975330663307,33.158921118218807,103.70038668575266
163,-176.13002570775168,161.74975330663307,30.330758081467955,102.4700329184024
164,-159.48583559530564,161.74975330663307,40.250780303759022,102.15621063157964
165,-169.03417044003029,161.74975330663307,37.326615904777555,101.4017143787724
166,-180.22876926028192,161.74975330663307,31.629601351496571,105.28847023293629
167,-122.06841970040712,161.74975330663307,38.326194754333557,106.05687564061269
168,-121.35790376669962,161.74975330663307,35.753649670782877,105.8534967531446
169,-162.5958825102812,161.74975330663307,36.939386853235931,105.83312740405727
170,-138.79903658086363,165.48915334562309,10.534454625541592,106.02350307839276
171,-151.255982118335,165.48915334562309,15.024108504939907,105.35791818802359
172,-139.7965359805184,165.48915334562309,43.320140810624096,109.20886418094697
173,-173.06655505732473,161.74975330663307,19.237090662893891,109.87207990798518
174,-152.32944162077189,161.74975330663307,21.747801531807823,109.03852617055091
175,-171.05281701318282,161.74975330663307,23.882754503868124,106.14067003698283
176,-168.33715428378747,161.74975330663307,27.61731060200901,106.59157481830258
177,-146.08690791325731,161.74975330663307,22.843086353021214,108.08835289288726
178,-174.87921344896125,161.74975330663307,20.585646111623042,110.03138161264989
179,-172.31560572240659,161.74975330663307,15.892629784839992,108.53009512716281
180,-176.45948990885259,161.74975330663307,17.820435005864283,112.31727106820276
181,-180.23092096711764,161.74975330663307,22.848013559483693,110.47605676214185
182,-152.87500514181795,161.74975330663307,31.389074701840599,108.27019443696909
183,-176.71662945976846,161.74975330663307,3.8290019635141448,107.93660138606754
184,-163.72020889129249,161.74975330663307,16.038228724039815,104.08910897057427
185,-179.31240542513584,161.74975330663307,37.440896003376537,106.08880669756502
186,-174.34471832267832,161.74975330663307,32.988646223487628,106.94015259872003
187,-157.15934431511894,161.74975330663307,33.672643768814872,110.9456051608567
188,-166.88020761832152,161.74975330663307,32.265397095773352,110.77231653797099
189,-182.81266360645824,161.74975330663307,31.935922310418213,108.44070590182169
190,-141.53226437019339,161.74975330663307,32.746773852562271,107.8023045998667
191,-170.52363719233196,161.74975330663307,11.239972287214114,109.93522589892098
192,-176.66193274249071,161.74975330663307,-9.0415555738200428,105.75151902210565
193,-178.84253757138652,167.72965947101491,16.706311161566454,108.03791865761363
194,-218.62918826448106,161.74975330663307,21.817052140858173,108.78564429828683
195,-148.29459196322273,161.74975330663307,10.127586250667086,110.04034148621632
196,-179.23044867156355,161.74975330663307,14.219352272811342,111.15286937199355
197,-148.76243783634092,166.57770558980729,30.023428454112036,108.48989455186815
198,-174.87971059707363,166.57770558980729,35.749320176918779,111.03307040033458
199,-172.32465803796165,166.57770558980729,15.343150479499393,112.47026303251415
200,-142.98991845370711,173.72338537271719,22.814668579024691,110.65523907770819
201,-181.54778817437364,177.77889397451597,6.8877290015951589,111.94317003375895
202,-160.37600444874607,177.77889397451597,18.516979418691701,112.21075446948248
203,-177.1690478244019,177.77889397451597,9.6631591860748767,110.68539670303981
204,-183.38971765971448,181.9821309206595,27.884624517686255,117.89891710021071
205,-183.3397988486883,177.77889397451597,52.869981459540739,116.95675935437251
206,-161.87496341670774,177.77889397451597,66.610861028910392,111.69660733097233
207,-183.57041511549266,180.13782905654358,72.5525552724866,116.02553504962394
208,-183.76742098723125,185.31332153849738,77.348154704616348,117.36763502298869
209,-180.49154754779886,193.93277310217599,75.398694717975772,115.48015806713256
210,-182.64852328513425,193.93277310217599,86.562938334636726,111.76785897258961
211,-183.71194041052451,180.13782905654358,66.855082827301644,117.60474981765923
212,-185.81240228596988,189.51035268526746,97.332471972038547,109.14209800156415
213,-183.4679022559128,189.79457587405244,90.355749904627942,109.2227545388842
214,-183.48700623782472,191.22249825124595,88.345896531862721,113.03812785999004
215,-183.34498741726196,193.40360426532996,95.669432820278203,109.54686357214369
216,-183.66437775925587,193.40360426532996,99.417792164884261,107.77730820050138
217,-183.59370080933746,193.40360426532996,99.287397818171627,112.57766450817209
218,-183.7747372648023,189.4333534874757,88.991119838975024,116.21069994838626
219,-183.51560285594155,189.4333534874757,96.095600229587291,108.81298168683261
220,-183.25295424039146,196.45083249120563,93.074722064656925,112.81571386600423
221,-183.27951895809124,190.05454506271494,96.693113375836759,109.52477009665652
222,-183.82092569023851,191.43670499929112,96.353368451607864,116.55271791722973
223,-183.40617073863993,191.43670499929112,102.94355943155881,108.3015132062699
224,-183.55562044243374,189.63711524897622,92.487449371607525,112.77602882063562
225,-183.79093216691078,189.45793041013144,88.570179061859122,120.76495387441541
226,-183.85177432361445,194.11027111137881,97.898853802395848,110.67374857805376
227,-183.40378556157563,195.58577776071354,83.296888081235423,123.85511319933575
228,-184.70509025759483,189.45793041013144,93.854492707316169,112.54904950193453
229,-183.82949746134403,189.45793041013144,93.547292885569604,117.22934216247923
230,-183.83569103740984,194.91513323692328,102.78262911162057,111.3200877249111
231,-179.1585588030232,194.91513323692328,97.39951735407017,114.77384352419467
232,-183.77146579263749,194.91513323692328,91.049393816412163,117.47633759184619
233,-183.77132073962147,194.91513323692328,96.057664202801249,109.43115992736767
234,-183.53564114018587,194.91513323692328,93.735403096713867,116.33198183638231
235,-183.88461121433673,197.09433854460156,97.799037147137895,114.49576942267035
236,-186.60649156559776,197.09433854460156,96.94996279423718,119.40830482537578
237,-183.42325847763158,197.09433854460156,106.31466461022454,104.37677676232589
238,-183.30639595883764,197.09433854460156,99.173685997177131,114.70981970133144
239,-183.76134692376246,196.52122909940974,111.51879824328591,107.40609748454102
240,-182.67833473887629,196.52122909940974,87.096091734784252,121.71374939040041
241,-183.37330501709712,196.52122909940974,106.76007699569358,112.67532701300952
242,-183.81147079179797,196.52122909940974,102.19143211048232,113.6579676886999
243,-176.98338968380847,196.52122909940974,109.07602237252617,109.87129463619678
244,-183.82863247400635,197.03188319302524,100.33482476370438,116.0460658635771
245,-183.11098571757427,196.52122909940974,100.69305249138012,107.47882270857269
246,-182.63128409883009,196.52122909940974,99.922403097588429,110.23072256467223
247,-182.99530227284711,200.87328440931202,88.303020020565711,117.08438863798912
248,-183.58398394482271,200.87328440931202,100.6807121904602,109.32973660653863
249,-183.79108741198735,198.36249752512856,79.518570793809786,122.37710590261597
250,-183.22478679131606,198.36249752512856,100.4249304023437,109.7091791848503
251,-177.04321538340733,196.52122909940974,82.202556534751835,114.33916986358015
252,-183.08795874558598,198.30989911219152,101.3812432722286,115.16363585556091
253,-151.25076438970444,197.08066578586721,103.30633934132845,113.08983037092739
254,-182.37513418731675,196.96822831111015,91.735026715923794,118.62448155468289
255,-183.5936198691729,196.96822831111015,96.340498442405021,113.84052783889778
256,-132.42290584646577,197.08768572934983,108.90285480075455,106.24205502231108
257,-182.35001449056853,199.57938536375295,93.472280534917786,114.37496471713966
258,-175.59215259515659,201.28762703885337,102.52931911655203,105.84892252463275
259,-236.48590789968003,201.28762703885337,89.866669940789848,123.0606586363669
260,-184.08302298941339,201.28762703885337,100.88733296501952,114.02226691159493
261,-183.26888402481359,201.28762703885337,103.28702895967069,111.58740746848174
262,-182.7046524378847,201.28762703885337,101.83945650783184,109.03015856325513
263,-178.25494116616821,197.85345041034168,101.96974813094501,111.51652639203732
264,-189.06388757613678,200.49818327484431,81.286176700923761,118.81330252156583
265,-129.01090335539175,199.01298786576925,94.977198329065374,113.19715220256352
266,-178.18536184326302,199.01298786576925,92.727731829577067,112.17058749305322
267,-183.73145289893947,199.01298786576925,98.989377715289919,115.49965354522512
268,-180.77283370097908,199.01298786576925,81.500331055505455,115.60471626255332
269,-179.5229671929244,201.28163747520699,78.678986701761758,116.03320415715582
270,-183.75028346934312,199.01298786576925,85.603890519081432,113.79900657301856
271,-179.84627629827742,199.01298786576925,76.892987427227865,120.04406779698414
272,-183.18404212202074,201.28163747520699,83.589662730932687,115.26565288348085
273,-129.48216368958751,203.62969662180356,99.333334901287103,105.40212338967784
274,-143.48231433981189,203.62969662180356,82.514803141166652,114.77554402406037
275,-164.1796137227125,203.62969662180356,97.345646191821004,110.25893511925437
276,-181.11804762859947,203.62969662180356,99.685917600521918,115.40138763777095
277,-176.06332929737476,203.62969662180356,93.096087792689573,113.11363259510787
278,-182.63237266129482,203.62969662180356,82.22532437962991,115.29359771111379
279,-149.72191060089017,203.62969662180356,86.69514206026308,120.17608492234767
280,-181.84165342739021,203.62969662180356,83.20825769491934,118.2010016883127
281,-189.33139230122612,203.62969662180356,76.23411467971259,118.59743141284693
282,-174.84813978719336,203.62969662180356,93.828477840092475,111.13085412614113
283,-139.54382502073332,203.62969662180356,92.407741570368984,116.33102937621788
284,-176.12087281791989,203.62969662180356,89.343593427407811,113.68280274340367
285,-176.18770466155559,203.62969662180356,100.8520008980327,112.05087831219888
286,-179.00544973867727,203.62969662180356,89.883458284990695,114.5844049435981
287,-122.44010727565566,199.01298786576925,101.93854498501642,110.15134134706729
288,-179.48711622620689,199.01298786576925,105.08366325006206,109.55823212509112
289,-132.06588346709182,199.01298786576925,108.14681425875453,104.39837626432234
290,-183.67765944300251,199.01298786576925,87.788010668328468,115.58737475746722
291,-176.40968956012529,199.01298786576925,91.575270144484676,114.71338709745481
292,-157.57911140046645,199.01298786576925,85.195526011099162,115.24850519842023
293,-183.21100575765027,199.01298786576925,94.813108513248494,115.69602525249724
294,-183.48130282047794,199.01298786576925,90.464129016872619,117.59481446522179
295,-183.33284276861238,199.01298786576925,73.19104175942806,120.88377825875732
296,-173.68879012436983,199.01298786576925,81.485795477739345,117.62399324268344
297,-177.20838638390006,199.01298786576925,72.647823535507086,120.56983558792035
298,-179.49217967536941,199.01298786576925,95.194853293470302,110.11242034869164
299,-179.51744395449867,199.01298786576925,93.723573011718258,110.47437063098454
300,-183.15478623615209,199.01298786576925,90.969721504028726,108.51154855017306
301,-179.11822674070979,199.01298786576925,105.95245806598601,102.6568791809144
302,-175.07938888055241,199.01298786576925,87.71111835294974,115.80554100938679
303,-182.37727965361827,199.01298786576925,102.19195877879915,111.50933227365735
304,-176.24256857902145,199.01298786576925,89.136746467652486,117.11767085593659
305,-172.8929010076217,199.01298786576925,97.178964880904402,106.87228517462938
306,-183.74063228728662,199.01298786576925,104.48240014329237,114.18407133931454
307,-159.05226699452584,199.01298786576925,108.43020617379445,108.19240780951812
308,-176.75127064346029,199.01298786576925,83.042311135869298,112.18187406238474
309,-265.03260620008768,199.01298786576925,90.080744863021778,116.57264154701913
310,-178.86228494301011,199.01298786576925,90.160219709556173,113.9632259079292
311,-131.13233361255121,201.15021888592037,94.780503115562354,110.6799591636786
312,-153.46298986707663,199.01298786576925,87.488674366586679,112.83917382566096
313,-178.23551162878866,201.15021888592037,90.225853000850464,114.00502240980248
314,-176.31975581131474,201.15021888592037,90.972637853898178,114.67793344915378
315,-145.27074660104427,201.15021888592037,90.555562361207663,112.78238202792087
316,-170.33037684879889,201.15021888592037,96.957666895955498,109.68858730816588
317,-182.41129239773957,201.15021888592037,95.260429283695998,114.82416149937346
318,-172.31018929016332,201.15021888592037,97.469642730144045,111.9851088613709
319,-179.2530154324258,201.15021888592037,104.47052101312271,109.96683278249874
320,-143.56968302381333,201.15021888592037,89.936260428090648,116.32804741358433
321,-181.45830282759775,201.15021888592037,101.4347609291091,112.28396112704492
322,-177.01088167482382,201.15021888592037,107.06048489905275,107.79194216566381
323,-178.7203888412067,201.15021888592037,107.55305222265605,114.90839882742132
324,-182.99923700882997,201.15021888592037,96.125775995741222,116.53908847084109
325,-183.08393806337617,201.15021888592037,98.517883824668132,110.12235056247201
326,-179.66899252060193,201.15021888592037,123.99112253170831,99.854755712537269
327,-180.17839014900628,201.15021888592037,98.585029291453864,111.74308408546433
328,-126.90746748496174,201.15021888592037,106.836653692241,106.84474869122934
329,-170.12634267038757,201.15021888592037,102.03702929279657,112.45643195321297
330,-121.75241352370448,201.15021888592037,101.93421768123376,110.28783179870064
331,-176.51821936922877,201.15021888592037,100.8332133254073,115.89135473453706
332,-175.48794295936392,201.15021888592037,91.983047228110578,118.45277410144972
333,-182.43501811615738,201.15021888592037,98.503826735624614,115.80467662478932
334,-158.29929055152348,201.15021888592037,91.397174868039826,111.80891823504454
335,-176.68612435240868,201.15021888592037,99.754586147755532,107.70393999640507
336,-136.31914500455608,201.15021888592037,105.98726720206838,106.24158705888404
337,-176.94464835999193,201.15021888592037,101.43832837447226,112.29616015491914
338,-176.71555622816669,201.15021888592037,109.18207032591781,104.73111768822204
339,-167.99974464472902,201.15021888592037,99.452548730652126,110.87035830254106
340,-183.29445124567334,201.15021888592037,93.735837934309316,114.52744135691287
341,-144.60034457832245,201.15021888592037,93.196027244938435,114.17363616680302
342,-182.98297433737116,201.15021888592037,93.174152276070075,113.13771216899241
343,-171.36799242116194,201.15021888592037,91.74835291120597,114.50975599278156
344,-183.8323740542865,201.15021888592037,87.218597025621435,112.0783130479762
345,-183.56137952853899,201.15021888592037,89.007866032443914,117.31976573925191
346,-168.94679189808423,201.15021888592037,98.360834795658988,110.16816351706383
347,-163.6499036899751,201.15021888592037,100.83838709311198,114.09945667598363
348,-183.13307271255925,201.17264085364627,74.657796893187438,116.80484751771583
349,-183.7940636672692,201.17264085364627,77.528282946827403,117.55983940391357
350,-182.89101709154349,201.15021888592037,92.94809666133068,118.30964505781691
351,-183.36780243066451,201.15021888592037,94.509657930496729,115.75584767711949
352,-183.52206899459986,201.15021888592037,93.11858881107095,114.76057343851193
353,-169.86348974356451,201.15021888592037,91.351723448711397,112.00520295661902
354,-173.30420047981835,201.15021888592037,102.23396465957111,111.21075103911602
355,-180.55379773426759,201.15021888592037,91.374230452662189,116.77154957156763
356,-170.07568283053305,201.15021888592037,106.75402927798471,109.98651090946323
357,-181.03565191415763,201.15021888592037,90.563428072890588,119.45578385398109
358,-179.90655187370743,201.15021888592037,99.517550626281917,114.13898525908164
359,-176.48415434147822,201.15021888592037,91.604394977971438,117.5223288112221
360,-130.51156957407969,201.15021888592037,96.620539249374104,113.76618588973179
361,-136.5022484832084,201.15021888592037,93.374941416535165,112.07798476880238
362,-175.09491418149588,201.15021888592037,85.515128473885738,116.56589926677319
363,-171.00161513954561,201.15021888592037,72.835247094502705,118.57808885557846
364,-183.51052642053804,201.15021888592037,89.06962163339584,117.12801986221592
365,-141.4837748443187,201.15021888592037,111.34536942832439,103.2766497476383
366,-179.32501874181105,201.15021888592037,104.7503590409783,112.16720177649772
367,-183.83214084423125,201.15021888592037,114.76226361526371,109.65455104356799
368,-182.54509283734626,201.15021888592037,95.634316118704319,116.41835104139658
369,-176.75332697241521,201.15021888592037,105.23380848323626,109.61426129648868
370,-134.43118734065123,201.15021888592037,101.53281096380613,111.69301431620516
371,-126.60852451356507,201.15021888592037,99.592282196241797,110.58562123257175
372,-140.71984760754998,201.15021888592037,91.501179902128683,114.37945269872438
373,-128.07418745548546,201.15021888592037,102.43271836415681,111.20551523453221
374,-183.31737522662235,201.15021888592037,102.27508348542622,111.77870360585064
375,-132.34581803171912,201.15021888592037,109.04360367704724,107.18082786923569
376,-183.27131580890003,201.15021888592037,103.99394159435762,117.48577918604396
377,-183.74067050312081,201.15021888592037,90.211879582587386,120.42273313201541
378,-158.5489477638196,201.15021888592037,102.17218999210098,113.75376697596008
379,-183.86857331989762,201.15021888592037,93.968471528015542,113.12999428716262
380,-178.60094402685681,201.15021888592037,88.669965014613638,117.65659760341457
381,-183.75739582268884,201.15021888592037,79.649543308247559,120.16115808364199
382,-183.05750917803249,201.15021888592037,99.90568581398918,114.74570380787956
383,-179.0443620834881,201.15021888592037,86.304711080509847,112.7934319651277
384,-125.34416131203875,201.15021888592037,91.975256032921322,108.33084584553464
385,-129.45749337607344,201.15021888592037,93.597774360729687,112.4399619676709
386,-183.20679091126613,201.15021888592037,107.07759855473985,107.91317372947127
387,-183.08627114758383,201.15021888592037,72.469222865503809,120.26516738927674
388,-176.31087852901959,201.15021888592037,82.049852897902426,121.21738405155229
389,-183.4886312640655,201.15021888592037,82.153982231269097,121.30691435190667
390,-178.28568932921385,201.15021888592037,76.102679358259664,118.7709420618821
391,-178.3501764765833,201.15021888592037,89.323799039901402,113.68798467522653
392,-134.51937377631094,201.15021888592037,83.291492935606769,112.53066029976186
393,-179.13983807603037,201.15021888592037,93.670606493221783,116.03734928903745
394,-185.31831118625135,201.15021888592037,83.526578682282178,118.18322617273202
395,-175.53458814015741,201.15021888592037,90.642717867913049,117.32759933621681
396,-183.70963657265833,201.18354175742039,80.237596954467151,117.76846147610848
397,-179.45068941285277,201.15021888592037,101.18792806885072,109.67763191270681
398,-148.84993385690737,201.15021888592037,90.026411408720321,112.84848663464139
399,-183.77755476679931,201.15021888592037,94.918554838279107,111.74137516869708
400,-130.94326014567031,201.15021888592037,91.681522485242326,111.14291034835287
401,-195.79312650926121,201.15021888592037,109.17392935143133,106.6356786842447
402,-183.47137712890111,201.15021888592037,106.3228058384944,112.40281200350222
403,-145.74458385848629,201.15021888592037,98.386678601986901,114.85409524761944
404,-161.25417183079946,201.15021888592037,98.170719879950099,117.76895425815984
405,-118.53506978690774,201.15021888592037,77.787772526177761,115.79371160585363
406,-178.20783106181287,201.15021888592037,85.307899084747405,120.23819198177975
407,-124.70114040091306,201.15021888592037,99.946772604786105,115.12294681238951
408,-183.71802893669027,201.15021888592037,80.862888890894141,118.07732820845797
409,-177.27058335407233,201.15021888592037,99.383992189866788,116.31919271394131
410,-188.19490155175697,201.15021888592037,90.361734652151227,114.06442332264869
411,-178.67753264836037,201.15021888592037,86.966481233423892,114.55185525642169
412,-180.81415280747657,201.15021888592037,88.204081209721167,118.02331738016628
413,-163.56947016185532,201.15021888592037,100.67848411336358,111.28443174206969
414,-166.17147969616329,201.15021888592037,87.54329570186917,109.7434590449612
415,-137.46941781875944,201.15021888592037,90.998817997047212,112.95419968887124
416,-184.44545290119797,201.15021888592037,85.367465032979922,117.60868525502727
417,-183.17338025875557,201.15021888592037,96.286448766202554,116.74845554963957
418,-182.37697978228314,201.15021888592037,104.99865301183671,107.93565361005624
419,-182.93246219098248,201.15021888592037,88.993728659292628,120.12497523223092
420,-183.67063969769853,201.15021888592037,87.879658697128562,121.34813709407608
421,-179.91344961747799,201.15021888592037,103.0887478612258,107.94969469627053
422,-159.9246625709124,201.15021888592037,98.242071449475276,108.80296924904566
423,-180.9042665405436,201.15021888592037,103.75697939961964,112.05170832953719
424,-173.06530682309221,201.15021888592037,90.029258902648593,111.22701075175075
425,-183.83551859157654,201.15021888592037,103.25695459811965,111.24736144876711
426,-135.43933993855342,201.15021888592037,85.548268459490913,116.02428795775216
427,-129.60006392836777,201.15021888592037,98.13340415881143,112.81939860577914
428,-172.36494134981595,201.15021888592037,92.203425777878635,114.1876178499143
429,-183.38089923549435,201.15021888592037,95.37246007283315,117.01212659799727
430,-184.13534557835629,201.15021888592037,105.9039342957638,112.53282498144077
431,-183.48069370149358,201.15021888592037,100.70371704977828,112.29595819507885
432,-169.75642458180818,201.15021888592037,77.57361329549434,118.89593744364642
433,-179.0044903180422,201.15021888592037,110.7892873457852,107.78671254997211
434,-182.2374769608806,201.15021888592037,102.65072495634895,112.03245983726329
435,-179.6125948901884,201.15021888592037,114.01766641756063,110.5442770798151
436,-183.70957991335658,201.15021888592037,80.073915836675511,118.35628332787547
437,-176.87736344915277,201.15021888592037,82.648073692436796,120.88701512021268
438,-148.61345811783474,201.15021888592037,82.376511007395692,122.70495511803296
439,-176.877410253905,201.15021888592037,89.933759158031336,119.02337462701259
440,-183.81360252277614,201.15021888592037,87.131133623850019,116.6341315584134
441,-183.50527221281902,201.15021888592037,71.701984524351971,120.44349383604535
442,-133.16091165128074,201.15021888592037,88.171119741652277,113.21048087369765
443,-178.55137606264572,201.15021888592037,89.89940873694097,118.16637658825825
444,-178.64838003891262,201.15021888592037,90.251444841550182,112.92719847550909
445,-183.72612324936006,201.15021888592037,83.335476624825873,110.86862683788303
446,-183.16419885304308,201.15021888592037,88.314441201089409,110.33057279897393
447,-130.66269849801765,201.15021888592037,96.128533255682498,106.68626011995428
448,-183.7639545832252,201.15021888592037,85.75221959152303,119.76776248364754
449,-141.54581094046125,201.15021888592037,85.589902156069371,110.71528575527762
450,-182.94890905937828,201.15021888592037,88.984826019671019,108.3383506775879
451,-183.75424970992523,201.15021888592037,97.657404256467927,112.20925648262376
452,-183.82584534434284,201.15021888592037,100.69963687816497,108.67607263116939
453,-183.81050472025069,201.15021888592037,95.148255423288191,114.88838058671082
454,-135.29727696693647,201.15021888592037,94.599183088805333,115.08817242104246
455,-156.48671431748306,201.15021888592037,89.619216029709676,115.16043404240946
456,-177.72948414503983,201.15021888592037,92.218055919626792,111.60187934081416
457,-117.91081104344318,201.15021888592037,93.472728961386096,108.53795164627047
458,-180.41544297331288,201.15021888592037,90.984301054681794,116.24928454576687
459,-178.67589403714678,201.15021888592037,92.277073958867035,114.32409702317975
460,-136.73512442151915,201.15021888592037,97.95202416322428,112.68906724104605
461,-179.27849598921415,201.15021888592037,114.02500395241857,104.85695892756189
462,-176.66251452732826,201.15021888592037,87.911932123373319,115.06639109365557
463,-179.44132425767341,201.15021888592037,82.933333864195049,116.50064912347345
464,-133.93738401458955,201.15021888592037,87.047320467327523,117.84448624400254
465,-178.4953614986612,201.15021888592037,90.503567363322304,117.4960560214305
466,-183.35237720297394,201.15021888592037,85.428665055430415,116.30050376798027
467,-183.70475029360193,201.15021888592037,80.740689378845275,114.72103480745631
468,-168.95313721763026,201.15021888592037,73.23491303087971,118.72600154748591
469,-183.82335931997918,201.15021888592037,99.11701944010639,115.95853661633367
470,-175.65536703688605,201.15021888592037,87.703124026710825,118.72423985695055
471,-179.85247402375109,201.15021888592037,107.5889608035549,111.85497421666074
472,-124.465399207378,201.15021888592037,99.76356746212457,113.76544850961885
473,-182.33774781084034,201.15021888592037,87.044855712411902,121.3696346351532
474,-183.22828193786393,201.15021888592037,87.948343907314197,118.25887155112197
475,-178.25170387651269,201.15021888592037,92.182791372895608,120.11709010311297
476,-183.8410166618539,201.15021888592037,99.995132291875251,115.19051723667508
477,-138.88698392935305,201.15021888592037,90.049703230527754,111.91527614853594
478,-170.28726378416599,201.15021888592037,84.327022513054885,115.40370605589763
479,-131.77884065818458,201.15021888592037,75.980403994326721,110.84193103967648
480,-179.34804881670632,201.15021888592037,91.653227017037992,112.09053903046591
481,-183.8374661866587,201.15021888592037,101.79225547809034,107.8628651812591
482,-182.97292067301944,201.15021888592037,95.46556973214345,109.88479241967737
483,-127.17876472343235,201.15021888592037,99.542095456966933,112.54505458293289
484,-162.47438836321172,201.15021888592037,90.26322936290822,117.53267844372007
485,-132.92458480157205,201.15021888592037,89.949182423822222,112.18094448313227
486,-128.91812921220875,201.15021888592037,89.643610130708069,111.07644037302269
487,-182.78408599806468,201.15021888592037,90.113118815381554,116.20584582739065
488,-183.48388521277633,201.15021888592037,101.68990861199504,111.11780186281116
489,-179.55533806660551,201.15021888592037,96.342073491116892,116.09890552882659
490,-175.88223428739627,201.15021888592037,99.848207422102277,113.34799644224813
491,-165.84611236541701,201.15021888592037,86.309819049668064,114.83506999234689
492,-179.62039584549458,201.15021888592037,90.413086128325233,118.60876302958147
493,-183.79437017976636,201.15021888592037,95.602352061184234,116.06718902775783
494,-183.32497146110589,201.15021888592037,104.65519266806189,112.41312797685249
495,-176.75048214955041,201.15021888592037,106.44098713532846,110.95198770789941
496,-158.63451097663886,201.15021888592037,102.14829320460228,112.49759115354544
497,-159.37615912915095,201.15021888592037,89.866419168029722,117.81024682213676
498,-183.38731641833095,203.04136497266975,96.26243075783583,119.26248538707071
499,-145.31203065827137,203.04136497266975,115.74886968279198,104.13466070453838
500,-183.8091540689488,203.04136497266975,101.19097612146619,110.41040705078693
501,-170.03167733338253,203.04136497266975,103.95522457946034,109.43415107455355
502,-125.92576624905998,203.04136497266975,98.848920414193685,116.29908474484347
503,-179.47174067570882,203.04136497266975,93.962166149687505,120.8422983396818
504,-183.80949780740588,203.04136497266975,78.965413642029958,125.6604778537198
505,-129.49554274306414,203.04136497266975,92.560205246523836,114.20857355044103
506,-134.92525131671874,203.04136497266975,89.137206455502621,112.54778930194701
507,-179.39902615356795,203.04136497266975,86.88301642991911,119.84051915935171
508,-179.24520521579703,203.04136497266975,96.264634730934958,115.24009555041597
509,-168.62990970395424,203.04136497266975,84.25703641034012,116.03150938766314
510,-139.72500045353803,203.04136497266975,88.046738295253036,109.11223896865847
511,-181.1239800262056,203.04136497266975,84.505166162197042,115.10282449499786
512,-183.26322944996488,203.04136497266975,77.741981650492619,120.91076544951576
513,-183.84936276661006,203.04136497266975,87.364298532116408,120.60211150314865
514,-178.4280505343377,203.04136497266975,103.87813985502653,114.22847280270153
515,-134.99276644842121,203.04136497266975,99.501983910423931,110.26196407542388
516,-183.36248379672904,203.04136497266975,94.185713724434493,111.46503047596276
517,-175.40104450063839,203.04136497266975,105.51593942764285,113.47857207184494
518,-182.73467109539158,203.04136497266975,68.927932093515878,122.52896786396848
519,-154.54336849937232,203.04136497266975,97.949998043481031,112.15182747400361
520,-183.04001567729239,203.04136497266975,82.132108469192445,116.68662168386524
521,-179.00383019887593,203.04136497266975,87.218632379870343,119.41773288888882
522,-145.47649892232317,203.04136497266975,88.780395587249785,118.43716402514407
523,-179.54185584828573,203.04136497266975,88.813699274515898,122.44400328695814
524,-139.64940842435453,203.04136497266975,76.490940453666951,118.90121345448746
525,-158.37734244248944,203.04136497266975,80.44017101063848,120.71047869062694
526,-183.22136970819057,203.04136497266975,75.553411606686382,121.67554274639222
527,-183.2046133599668,203.04136497266975,81.655770072047247,120.91530561711286
528,-168.05208331821828,203.04136497266975,72.48518087159033,119.15576846429606
529,-177.11838645860377,203.04136497266975,90.907093284039789,118.85851118808483
530,-183.22603227632811,203.04136497266975,78.788288117654645,125.43997989804164
531,-182.20759806266238,203.04136497266975,112.27209052873762,116.4480871594407
532,-150.19144504352545,203.04136497266975,100.555914508131,116.1920294244124
533,-179.39583464601208,203.04136497266975,78.595888993579237,120.88242802242884
534,-183.25762515440482,203.04136497266975,96.458295682137191,116.22192642988868
535,-159.27744172512783,203.04136497266975,84.446666201008938,117.53271030503461
536,-183.1523358003505,203.04136497266975,80.155361271054502,125.16108252769781
537,-179.41915035701658,203.04136497266975,81.808079570605571,120.25637087524402
538,-195.06707589430528,203.04136497266975,83.173325265041598,118.57147505608049
539,-141.28806147532256,203.04136497266975,101.33355161337153,110.78947271652225
540,-138.26510235588569,203.04136497266975,86.288912885967918,117.08970122136441
541,-177.16892388828322,203.04136497266975,68.128384548523513,114.98621431390939
542,-138.40308416709829,203.04136497266975,79.136963171565355,118.89375454398375
543,-179.412749953706,207.18884838707746,95.049980076476629,116.02562864182298
544,-182.37952829283017,207.18884838707746,83.054034993428601,121.31274290467088
545,-183.40517625280864,207.18884838707746,79.581432412050901,118.96562938039378
546,-175.40700904553051,205.24557596250713,82.698684117849083,116.77131357197545
547,-183.35762299211265,205.24557596250713,90.361843050403081,119.47835933008905
548,-179.98135341292698,205.24557596250713,101.86549783076833,114.50619712862516
549,-132.36514560457124,205.24557596250713,74.914092057589329,119.49128216795367
550,-176.70087761283145,205.24557596250713,74.076615264987879,123.63433813677206
551,-179.7903940763068,205.24557596250713,80.3614825548825,118.60626436198454
552,-183.68476293323141,205.24557596250713,84.192313133957356,121.01340173024792
553,-179.08981012827158,205.24557596250713,86.624707252253117,117.83272439247992
554,-183.71422298663254,205.24557596250713,83.084634121070323,116.60525400195833
555,-146.35930567636342,205.24557596250713,90.264173440468028,118.4694756316259
556,-178.3652144724544,205.24557596250713,75.119744373954035,125.46854624762099
557,-183.55219682423382,205.24557596250713,73.831129217073482,120.3586609630796
558,-179.62750855421808,205.24557596250713,79.56448463393933,119.45389888106551
559,-180.71070890307394,205.24557596250713,86.080877287023071,118.54566091735448
560,-150.71022674819153,205.24557596250713,84.020764098373348,121.66409302980902
561,-183.49455443379503,205.24557596250713,92.366107236051079,120.34710337225042
562,-137.13548687353813,205.24557596250713,72.299965312634328,121.42400921076793
563,-160.83096162728555,205.24557596250713,100.19116221942868,114.28791892206283
564,-115.04674581412399,203.04136497266975,86.713381181148918,116.67263871074601
565,-177.58941322288183,203.04136497266975,93.373849069296611,117.8949906605424
566,-145.78675389661871,203.04136497266975,100.42858641341219,117.48445117914127
567,-180.66760039190913,203.04136497266975,96.493178317254717,118.02267257696572
568,-145.5268256201233,203.04136497266975,100.01852951026832,114.16293714213855
569,-183.47352392782432,203.04136497266975,99.699075513516405,117.39627958565696
570,-179.32843353408936,203.04136497266975,85.432413162152727,123.85009133801499
571,-176.83882586396061,203.04136497266975,80.855875767182383,120.92492332179637
572,-179.23499320239142,203.04136497266975,83.099244861632286,118.71300952051499
573,-179.51441085514614,203.04136497266975,68.794292589763401,123.26704742128784
574,-179.27379395341893,203.04136497266975,97.577000242611334,115.37001713402357
575,-179.44985330049127,203.04136497266975,86.187793625113414,120.05896126832782
576,-160.32082954840968,203.04136497266975,89.779242728837204,115.62062459060128
577,-180.76456854854061,203.04136497266975,71.685002655099154,121.5524138742898
578,-157.31444985809443,203.04136497266975,78.378068374393948,118.94031049765691
579,-183.21889598994954,203.04136497266975,56.663196468038521,121.81522742844081
580,-165.82308475079887,203.04136497266975,69.276360352702511,118.54205721225929
581,-179.51233320741034,203.04136497266975,79.995625957750633,114.25759023458258
582,-182.08914683873627,203.04136497266975,79.647522045232336,118.05527778522625
583,-180.70181976212157,203.04136497266975,91.600839203518916,116.95152248869184
584,-183.22907183788226,203.04136497266975,86.181798742432505,124.08115618200084
585,-183.36100084223634,203.04136497266975,73.532851092518271,115.60083919926757
586,-179.28599085370942,203.04136497266975,72.063899277265534,123.19504261540426
587,-179.35594506988832,203.04136497266975,79.599289457749308,116.8684931050197
588,-138.8448107286753,203.04136497266975,101.16193422202291,112.86514231881924
589,-183.41094544300557,203.33190890065836,93.788392295747386,123.48327608900762
590,-183.82341621100935,204.14168978418397,83.52964365294261,119.7233382091672
591,-184.89239716717825,203.04136497266975,72.681654339617893,122.30491907270412
592,-177.32460227811626,203.04136497266975,84.766300311947077,117.34692414952013
593,-182.95683216792563,203.04136497266975,84.08707491237756,124.70059212569659
594,-183.7858806929994,203.04136497266975,80.478236131170149,118.33683130298047
595,-183.34842918330108,203.04136497266975,73.404070524956239,120.29268021776609
596,-183.20598211387573,203.04136497266975,80.06361012625797,120.43479622478483
597,-183.12106336311686,203.04136497266975,78.228640598034175,115.70207073441941
598,-183.21123010338346,203.04136497266975,82.136351140378011,121.76396910527592
599,-182.19464395356968,203.04136497266975,87.606946760863224,113.08621897330143
600,-179.07296929850574,203.04136497266975,87.56524986584553,118.37845929143775
601,-183.39025086785742,203.04136497266975,92.276105730762154,121.0844509464271
602,-143.99920350789657,203.04136497266975,77.857341517871021,118.52807532177765
603,-163.42127308416639,203.04136497266975,98.171327375760683,113.30688055352161
604,-177.07505881662146,203.70549244464542,97.969638297027075,116.29510261279856
605,-178.59038594075827,203.70549244464542,91.310557525272415,118.3881674327401
606,-126.6022985485089,203.70549244464542,104.03184936036101,111.49704876660988
607,-118.36185953207055,203.70549244464542,90.346488965388758,113.97783055923033
608,-179.87286504740044,203.04136497266975,91.772344188429102,117.90493480324729
609,-183.87831934857601,203.04136497266975,85.060656175573655,121.97552498520277
610,-183.68266870560541,203.04136497266975,86.472967388271996,121.562149100399
611,-183.24024910280093,203.04136497266975,90.639982224757333,116.73343461611982
612,-183.76409397409262,203.04136497266975,76.118826451765216,118.47770538393441
613,-134.36322780515928,203.04136497266975,85.023815423715817,112.97958876366826
614,-138.97005513746549,203.04136497266975,93.11541986912691,116.27003076900262
615,-179.24663176440734,203.04136497266975,85.594809840598202,119.35672431581145
616,-179.43544159304284,203.04136497266975,83.625454309402926,122.85030531179808
617,-177.6502757505726,203.04136497266975,92.960665962829893,116.55614586615977
618,-145.01652117560417,203.04136497266975,87.761924385577402,119.06407971813749
619,-142.31944721547873,203.04136497266975,88.470117967896385,119.90077538589529
620,-178.54936601807574,203.04136497266975,93.459637137482375,122.56564400049299
621,-148.34168905404397,203.04136497266975,79.357398806048081,123.96664268685785
622,-179.3655930422529,203.04136497266975,64.955986703229158,122.87260703967935
623,-171.83795832628965,203.04136497266975,88.854457520794099,117.55367687629217
624,-178.98827341662789,203.04136497266975,102.85271207924337,114.17256690022012
625,-183.38206733262052,203.04136497266975,104.72391589983305,116.33060997515508
626,-167.41343780592709,203.04136497266975,105.95087141783353,115.60871712579291
627,-150.98479795384577,203.04136497266975,99.952099000793112,111.62281748275232
628,-183.47025868457752,203.04136497266975,97.267286009273462,119.43776092441772
629,-183.19090599849397,203.04136497266975,91.571739601034096,120.54740749469134
630,-183.2523361214306,203.04136497266975,105.23089401751886,112.96651376014778
631,-179.58390951303608,203.04136497266975,85.871131753412769,119.20859123535836
632,-183.21313113079057,203.04136497266975,89.03212254354024,118.40445611834137
633,-180.74457984185733,205.91639120032875,88.019751275276533,116.91627719815909
634,-183.4491074958905,205.91639120032875,84.456079450939598,115.40116317606309
635,-171.70931621520756,205.91639120032875,71.351087636402539,121.51231582300987
636,-135.816971407702,205.91639120032875,82.78333287426139,119.84595581220084
637,-179.04336044759691,205.91639120032875,90.149944648622736,115.81602534961468
638,-115.03404603526606,205.91639120032875,78.636041718520843,117.46326717644781
639,-183.35908584195124,205.91639120032875,75.082131147395302,119.33677688034794
640,-183.00319597951562,205.91639120032875,71.024893025305261,120.57245154386419
641,-183.84438670103577,205.91639120032875,77.945214044226489,118.5368496896582
642,-179.71762876797405,205.91639120032875,81.494907533698935,121.21606312983818
643,-183.58977504686459,205.91639120032875,69.803893494697206,120.97032594628503
644,-183.10731192016462,205.91639120032875,79.453819220070173,121.52267363698769
645,-148.73968777988668,205.91639120032875,83.386743401718959,116.08941902714749
646,-183.21500061033896,205.91639120032875,90.352365049695251,115.3852884850279
647,-142.6172964354528,205.91639120032875,86.918936675015672,117.97390179851024
648,-180.77192626681315,205.91639120032875,73.54766391438902,117.2218996552059
649,-176.14826219528817,205.91639120032875,92.717422045225689,115.7589151260603
650,-182.76201134943892,205.91639120032875,81.290036275750268,120.42589438269094
651,-183.20577432480999,205.91639120032875,83.327477468650343,120.41774048652962
652,-179.10796905767819,205.91639120032875,101.70007660144265,114.24336881481941
653,-125.47458559833856,205.91639120032875,100.11733330324792,110.73516304188783
654,-139.20838425564142,205.91639120032875,85.828683256229894,119.19573546854164
655,-138.97449759511201,205.91639120032875,96.102505259093704,114.14912741589727
656,-143.0641718885002,205.91639120032875,88.210534039036432,118.33518738044975
657,-183.25463326281812,205.91639120032875,93.364659429596102,114.60039610449061
658,-180.55031656659853,205.91639120032875,81.296675285951238,121.92785383616592
659,-142.36134604362982,205.91639120032875,94.279311195355675,116.84961430687032
660,-140.93933281126709,205.91639120032875,88.120966612110564,117.94298981187174
661,-125.81807122912915,205.91639120032875,82.956668138590302,114.61258825187832
662,-183.69061642877594,205.91639120032875,84.484614167336858,120.71663203461068
663,-183.60084003523011,205.91639120032875,102.5191670185238,117.71248711098342
664,-176.05900497614815,205.91639120032875,84.586283557170049,118.73915088345922
665,-183.44027061895233,205.91639120032875,100.00405252669901,117.93229912288585
666,-183.88578088553851,205.91639120032875,98.493971576643872,115.64315769086032
667,-170.23142164922504,205.91639120032875,96.571261716283843,113.46475926628018
668,-183.08682234014782,206.34593030496282,90.305850148544238,117.01803227032293
669,-179.40638743868493,205.91639120032875,75.778454043203553,119.72344973617217
670,-183.38481487803639,205.91639120032875,77.253550516809923,114.99819208816183
671,-176.53657617392162,206.34593030496282,94.959003373072846,115.88050019757497
672,-201.0987163891852,206.34593030496282,81.756532959093462,118.44870118263552
673,-182.52859525636225,206.34593030496282,93.786755609995865,116.34286951360346
674,-143.61852500681732,206.34593030496282,94.258248120174187,117.98407029593059
675,-180.82397991372477,206.34593030496282,97.653624958167839,114.94769245744743
676,-182.50340221326539,206.34593030496282,79.835887047689198,124.01478148381334
677,-183.73047261984038,206.34593030496282,99.201020352697299,111.94948582367157
678,-180.63231471903529,206.34593030496282,93.543458990556914,119.28644853034777
679,-183.23525435310026,206.34593030496282,91.48065454425155,116.66162299726015
680,-130.99509811803864,206.34593030496282,95.386158845204051,115.72192507664921
681,-165.23452629414257,209.35866469208057,106.88407167556785,113.10273151970848
682,-178.45417553543953,209.35866469208057,93.13694430488799,120.08231563297461
683,-176.80339070697275,209.35866469208057,92.274246610856196,119.36381605243787
684,-183.20783758759248,209.35866469208057,86.888586013907656,121.58550853525568
685,-179.12695702699119,209.35866469208057,89.867566633416004,119.17518918256808
686,-164.19319424259265,209.35866469208057,81.476598292871898,118.84918420624763
687,-175.89045052253988,209.35866469208057,79.103119017379328,118.70870537272687
688,-181.58142057972569,209.35866469208057,91.376140904105299,114.81268442673374
689,-183.2160766948918,209.35866469208057,77.926834888034932,121.01049938232561
690,-183.38604406224599,209.35866469208057,78.046748592209028,119.41815720639161
691,-178.91524066758797,209.35866469208057,81.104234011391824,118.40599398254055
692,-183.9607926113141,209.35866469208057,89.209197769430105,117.85993670433868
693,-183.21285435872767,209.35866469208057,89.979831034359734,121.0140430540215
694,-179.44372603456705,209.35866469208057,91.61758837770742,118.65253999011722
695,-178.44005756438202,209.35866469208057,91.274122783557317,117.70086236649107
696,-183.11113392657182,209.35866469208057,80.501321054421012,117.50647974757239
697,-183.25308192696207,205.91639120032875,91.38595417201887,117.19402437173085
698,-182.9254831473707,205.91639120032875,77.495392934548278,115.12714625647804
699,-143.43995694213848,205.91639120032875,81.617949253483005,114.76654174399829
700,-183.04792662774435,205.91639120032875,94.018018746405971,114.70866190298639
701,-183.52210222005391,205.91639120032875,88.076963756092539,121.62309016513397
702,-150.98590876522852,205.91639120032875,89.688505422121054,121.18647152400428
703,-166.05098069684556,205.91639120032875,81.287835771435937,116.57812571243512
704,-183.20266678103877,205.91639120032875,102.88206251843179,110.9405434986372
705,-183.48203052629174,205.91639120032875,101.86089280778569,113.05632996756134
706,-171.35607272851189,205.91639120032875,102.95231174216276,115.93592462366686
707,-183.35769192781532,205.91639120032875,93.300464882331113,121.51968405474059
708,-183.12953430773246,205.91639120032875,95.855736773422663,121.27657710496842
709,-180.76505795611715,205.91639120032875,90.557518762764758,120.83426814934063
710,-178.84198059091338,205.91639120032875,89.450737203530736,116.80425277893521
711,-183.38347213388505,205.91639120032875,90.116780225251148,115.83806752696037
712,-180.68115652693416,205.91639120032875,88.425442756409424,119.12553227301669
713,-183.1994125869434,205.91639120032875,81.731683074100317,117.30825137279379
714,-145.35105606151393,205.91639120032875,74.891547580351144,116.28949560440199
715,-183.203100528448,205.91639120032875,93.085643143127271,110.23277212787677
716,-176.33875672507139,205.91639120032875,98.042841803923551,113.73903971010309
717,-180.23460160572145,205.91639120032875,102.58160150859931,114.78581162769056
718,-177.97596019176427,205.91639120032875,85.570547601728862,119.89308991489696
719,-183.25403447085151,205.91639120032875,98.199857369641322,113.91364778366649
720,-182.84120773227588,205.91639120032875,74.061458700216264,117.04343733100428
721,-183.28306087607641,205.91639120032875,85.650153367357234,118.65540399091911
722,-183.44695212552642,205.91639120032875,95.30326816645038,117.61333604243845
723,-178.33850755544373,205.91639120032875,76.027714879018106,117.11797909295646
724,-179.77108075979905,205.91639120032875,87.968248708430977,117.94113849898245
725,-176.59035545259144,205.91639120032875,78.033024203930168,117.13711343924716
726,-138.69825749993655,205.91639120032875,91.990105991908138,118.68775810584711
727,-237.98086133934487,205.91639120032875,93.231067024689267,122.16026859495329
728,-169.6380761790505,205.91639120032875,105.45320492121978,114.53825630136042
729,-183.65318779648541,205.91639120032875,94.219139098993509,120.08628691135802
730,-128.81170921911286,205.91639120032875,87.471522118182349,123.14776257978106
731,-128.0112477167076,205.91639120032875,88.699504242318142,118.70845332200059
732,-178.41506191452112,205.91639120032875,72.133777590745936,122.33918384242207
733,-165.23738021540552,205.91639120032875,93.47924169739504,117.60819630494343
734,-176.28384177235151,205.91639120032875,87.676019474382926,121.29543367502498
735,-183.35136193285192,205.91639120032875,101.10958056911498,119.91523883342553
736,-183.05625764965689,205.91639120032875,96.610871269680828,123.04352215676479
737,-145.41572195808536,205.91639120032875,91.470598532454204,119.47376769695539
738,-139.5836418253167,205.91639120032875,96.895493103888711,116.60956625755611
739,-178.18822023274478,205.91639120032875,66.966635727615142,125.90330400196338
740,-183.28339757199515,205.91639120032875,75.33830989371522,119.29436995324377
741,-183.06934421504963,205.91639120032875,77.808156014280101,117.2853132646636
742,-183.22341364799837,205.91639120032875,69.787978999726008,124.06538765785614
743,-181.31401446076043,205.91639120032875,90.634541372984245,120.02307877707517
744,-152.99121750128532,205.91639120032875,84.063679842907518,124.47520121520502
745,-175.21542678600554,205.91639120032875,104.03254232327028,115.61596571417769
746,-183.34703216786119,205.91639120032875,76.781140818657192,122.6727010489696
747,-142.73850995191069,205.91639120032875,78.659216874775481,118.87066839006455
748,-175.57637928773104,205.91639120032875,71.279044636099854,118.5769998885041
749,-182.65172305054952,205.91639120032875,90.651840263915432,119.82134726326294
750,-183.25993313883032,205.91639120032875,91.391126301200316,119.73441222989784
751,-183.80065965908628,205.91639120032875,95.063061365040085,119.0079445965316
752,-183.17624940681731,205.91639120032875,85.863996180354221,121.68241200674457
753,-183.18018335981273,205.91639120032875,86.881124938053233,125.58019812802939
754,-146.26797391191911,205.91639120032875,106.84434636298997,115.87977787921874
755,-133.01753293116514,205.91639120032875,76.967139307510678,119.34736629316818
756,-183.54355777622308,205.91639120032875,92.046847417434321,120.26092021388969
757,-183.41656425145857,205.91639120032875,83.916726484464633,122.93892919500722
758,-175.88367802192255,205.91639120032875,93.568986344685214,115.45635546459232
759,-183.05032971775088,205.91639120032875,82.877378875175594,119.24086792368641
760,-134.13878132073739,205.91639120032875,74.033392110090105,120.71146071352879
761,-183.28239705190097,205.91639120032875,77.168297595367449,120.90226925620883
762,-139.60520033517986,205.91639120032875,86.156968344868659,114.6951736125778
763,-176.82886290343799,205.91639120032875,86.461956385679045,116.06217877618616
764,-183.33973162452645,205.91639120032875,79.915648386616979,117.11627265903601
765,-183.47775004388171,205.91639120032875,59.536125420939278,122.08041906820893
766,-179.53460669468714,205.91639120032875,74.053581283129418,115.83485808895836
767,-183.19684353882568,205.91639120032875,76.198831455464656,120.12480720701107
768,-182.37752280883947,205.91639120032875,83.323842589993362,120.51122592920136
769,-183.42280255297396,205.91639120032875,85.90042224123124,120.16164016731335
770,-183.14026699161445,205.91639120032875,85.109392105808439,125.68867064723463
771,-145.16606782614926,205.91639120032875,97.810914867726098,117.13323005481985
772,-163.79781158103492,205.91639120032875,97.672956430078756,116.76204133571366
773,-183.80471110241626,205.91639120032875,99.786606653293532,118.61716846431182
774,-158.67853830930474,205.91639120032875,99.072468921577453,112.77970017260989
775,-183.22925581200954,205.91639120032875,81.720810597176481,122.6824077213688
776,-179.33319453656404,205.91639120032875,86.925623880629331,121.14802891391955
777,-130.71278548581674,205.91639120032875,90.347089279465109,115.3054505920759
778,-178.54620022564291,205.91639120032875,93.440461899403715,120.24520053532919
779,-177.12296508168026,205.91639120032875,86.519523890663294,118.69218400094798
780,-179.23711873646059,206.87939254396844,92.778098131927806,118.98793131479626
781,-180.63961852286744,206.87939254396844,68.876659979766046,117.59190926732533
782,-176.86224429859286,206.87939254396844,80.549315283724781,117.60121232371722
783,-183.20141535904463,206.87939254396844,80.361872408882036,118.90197088453296
784,-180.72477265005841,206.87939254396844,49.161681301374749,118.00294972690685
785,-117.26357283165116,206.87939254396844,87.006091938722818,110.18574928373171
786,-175.64046515702745,206.87939254396844,84.352753137951126,120.47640564751364
787,-183.47915173248137,206.87939254396844,68.870032960465323,122.21081915307369
788,-170.28130091841336,206.87939254396844,73.60044937207131,117.38089537406432
789,-137.00295354545784,206.87939254396844,88.736682772675152,115.99593010549462
790,-182.83071160039054,206.87939254396844,86.390894390727098,115.85756462434732
791,-170.02089237045405,205.91639120032875,78.789878635049348,115.08493757520075
792,-178.84635761244746,205.91639120032875,87.648797182989114,116.74158492321234
793,-162.3310802966781,205.91639120032875,88.764695298146222,116.49625933678446
794,-135.03123028074054,205.91639120032875,78.296575173424401,113.47446133756483
795,-179.66371590863929,205.91639120032875,86.925239455666215,117.74054068080569
796,-172.77442313411942,205.91639120032875,92.309153920823263,120.46489335908949
797,-183.12954313763882,205.91639120032875,86.051746649146523,122.63360204280906
798,-183.48686671714606,205.91639120032875,86.647025808417979,120.99977196152506
799,-183.48791614283175,205.91639120032875,86.742155045453316,120.65582250178797
800,-178.36031547405005,205.91639120032875,77.151913274829582,118.59035970501883
801,-138.82598446418029,205.91639120032875,84.646426527809638,117.4394162905601
802,-183.44607563563602,205.91639120032875,92.092340957431546,117.14175161630806
803,-176.8032959505758,205.91639120032875,94.115492370118574,118.06856387678673
804,-180.53063367597497,205.91639120032875,75.423384720868285,124.12542184502061
805,-179.63423980165473,205.91639120032875,97.617293543430776,120.45860444450862
806,-177.96856686694579,205.91639120032875,94.090290428719641,120.72636175126443
807,-183.06042271055873,205.91639120032875,91.672288437429529,119.52411825267917
808,-183.44457182678437,205.91639120032875,75.591479773573894,125.20152772154394
809,-180.84343627095564,205.91639120032875,71.009962200149289,123.15745105620532
810,-183.54077980654506,205.91639120032875,76.064982173686786,122.88946040634569
811,-182.97050018456412,205.91639120032875,99.957982745664225,111.49588464126793
812,-133.40133295574338,205.91639120032875,81.226437873700704,118.5170954773716
813,-183.50841720236079,205.91639120032875,71.437088860536434,126.00924706393707
814,-179.25675476064819,205.91639120032875,79.529462451256123,118.9547063491831
815,-179.30837449082549,205.91639120032875,86.293140572197814,116.58704450491445
816,-179.2164659800045,205.91639120032875,89.258200433248135,117.02234657375899
817,-178.45424953359057,205.91639120032875,88.936626493003459,121.21863535901217
818,-179.41712154537811,205.91639120032875,93.913918804456515,119.12723640050476
819,-183.3503472595595,205.91639120032875,70.598218885471667,125.01118760342349
820,-180.78758918776538,205.91639120032875,81.711051579706961,117.86548494220661
821,-179.63583662399299,205.91639120032875,81.688099301377846,117.40472959773356
822,-171.88751177761804,205.91639120032875,97.045936688517287,121.23202507292517
823,-183.19146997914379,205.91639120032875,79.627835626445219,121.13508792623905
824,-152.38084722810098,205.91639120032875,82.31330408012424,119.34189725765893
825,-183.25326249595346,205.91639120032875,81.551968105532893,117.7814061647597
826,-181.51271529892728,205.91639120032875,91.686554543507029,120.8094722869786
827,-183.23972556893594,205.91639120032875,97.071418829668843,121.04619338976265
828,-183.5998209754047,205.91639120032875,98.916099389775269,121.33470670575369
829,-183.77803147385168,205.91639120032875,82.85275369153311,122.20287468835298
830,-183.06916448646081,205.91639120032875,71.794959304206856,120.83396791166702
831,-183.82625889980642,205.91639120032875,71.360349095585221,117.5155491746218
832,-183.27237178649764,205.91639120032875,70.694418444281041,121.21218133756753
833,-183.24706845463643,205.91639120032875,74.025463924520039,118.53985014557132
834,-164.54110744791691,205.91639120032875,89.310069354678532,115.95779637993654
835,-183.2612786766685,205.91639120032875,85.310846486107508,120.52591310872685
836,-183.03641253107887,205.91639120032875,77.897148524829106,116.83918586121997
837,-178.42424726426682,205.91639120032875,94.546493285058673,113.41485427059291
838,-177.5063092726304,205.91639120032875,79.47385138077226,116.76611984879553
839,-179.15580194552766,205.91639120032875,103.16537226484063,111.07230583335748
840,-141.19814071856143,205.91639120032875,83.283878602483313,114.74931542080724
841,-145.18429472549929,205.91639120032875,97.002517923412526,113.74810291892052
842,-169.90505917172794,205.91639120032875,88.235126556164346,113.85560250228771
843,-183.18322615239651,205.91639120032875,85.431209134778157,123.64883636242708
844,-177.72667045128873,205.91639120032875,95.162682806660399,120.85228065429428
845,-178.61866584406158,205.91639120032875,87.108724602254441,121.17495838208289
846,-183.31218422337662,205.91639120032875,86.715312529004407,118.67111024243782
847,-157.15096902853386,205.91639120032875,69.797726306990356,114.45689286718559
848,-179.31774025514883,205.91639120032875,66.828066455183702,120.9535695337696
849,-183.27130653067562,205.91639120032875,78.664484209514242,119.90304084846224
850,-183.16202485645246,205.91639120032875,90.376259654959824,118.95755796434007
851,-183.11970391079657,205.91639120032875,69.72814384036252,118.49366645901478
852,-183.4853830131984,205.91639120032875,69.482806361883391,118.91604290457406
853,-183.42984825670158,205.91639120032875,88.356508590411863,113.40472396307158
854,-139.90063356080719,205.91639120032875,92.718038405479106,115.02658449392719
855,-183.37613908440341,205.91639120032875,89.463211925294743,118.11758773103415
856,-176.97900407018076,205.91639120032875,85.05216143711182,120.94737793072814
857,-179.03308442739694,205.91639120032875,74.281373802572958,120.61583655930109
858,-183.20870199683532,200.41172274319689,82.520909881644869,116.30460052978151
859,-179.42716710328406,199.43652206107339,88.260309112842393,118.75828759086363
860,-171.54613710984336,199.43652206107339,91.927527819074101,115.54614139025034
861,-150.63870026217089,199.43652206107339,93.098564454746509,114.41346135298802
862,-183.2878288257898,199.43652206107339,92.125200299457362,116.98205408505218
863,-172.3566875514986,199.43652206107339,98.298271732015934,118.02162317190917
864,-144.03838872291269,199.43652206107339,88.316846235564469,119.75604653409857
865,-183.25399871859287,199.43652206107339,82.141266148677502,117.5537543272245
866,-181.25525144376115,199.43652206107339,72.02680670321449,114.68625949717341
867,-181.14984809501988,199.43652206107339,64.021495795818097,121.16999197246687
868,-160.74454849391458,199.43652206107339,70.30187160060575,117.15340127011611
869,-129.62936655942698,199.43652206107339,77.050408837558408,113.20236646593634
870,-183.22826868981002,199.43652206107339,71.107053686890424,111.00792588061927
871,-183.83681755296388,199.43652206107339,86.331663616555161,112.7254221206713
872,-111.31298765966933,199.43652206107339,95.340968942691404,110.52748606312547
873,-177.49327634321756,199.43652206107339,94.743408273675087,115.60891408869838
874,-181.7431095711616,201.27573627878786,81.892597452383981,122.18257138676287
875,-177.59507952111795,201.27573627878786,84.997369008342886,115.65093688218856
876,-177.41886382274703,201.27573627878786,89.646037422454796,116.23057642563285
877,-183.72786447374469,201.27573627878786,76.978471693007648,120.48714195475819
878,-183.77243573862376,201.27573627878786,74.532582966806544,118.87748074709681
879,-166.96157599869196,205.84647249445521,57.802968916926829,118.26304314996715
880,-175.66192707429673,205.84647249445521,75.109447290275753,117.70746232856267
881,-182.94785837739173,205.84647249445521,94.528089746460921,117.27049576792736
882,-183.19552900489379,205.84647249445521,84.350328804996437,116.7684885692304
883,-179.55694648823044,205.84647249445521,93.312855204318055,111.03566555529473
884,-145.19995652280551,205.84647249445521,71.924031730641076,118.84778458150964
885,-115.0256663552599,205.84647249445521,80.066918229824964,114.17765916308478
886,-183.26018292803539,205.84647249445521,81.686945587918686,119.50016586697859
887,-142.46783176479357,205.84647249445521,90.779548358002273,112.54800264142955
888,-183.28149194265484,205.84647249445521,93.174945307890624,117.71620385139957
889,-172.06010567698183,205.84647249445521,89.01601580254173,119.89765321499343
890,-183.17845011905223,205.84647249445521,81.791968026788183,121.53402131040225
891,-133.16315672872406,205.84647249445521,85.903283772265112,115.64480346506829
892,-170.91465242785267,205.84647249445521,97.328114112946636,114.73636845778348
893,-143.49019819757081,205.84647249445521,85.432446525256751,116.60330907652701
894,-128.96304556912293,205.84647249445521,94.398883226717942,109.96152323896082
895,-131.15368505846271,205.84647249445521,94.076160537237513,116.15907755433106
896,-183.27034479014981,205.84647249445521,80.214547037621571,120.63374216238066
897,-168.02756290597389,205.84647249445521,73.072990193734682,118.37521225020627
898,-183.42873602445258,205.84647249445521,85.729912427294437,122.09139557748107
899,-135.16390286130559,205.84647249445521,99.107497277788241,113.20809299064305
900,-183.14370011801148,205.84647249445521,78.827158106012931,118.06057511565086
901,-142.69775095898353,205.84647249445521,69.351808869611389,118.8933506798127
902,-182.97590308689618,205.84647249445521,79.966300179078019,120.51804243080031
903,-179.24654397334828,205.84647249445521,66.24159520734041,118.92505308354654